Country Name;Indicator Name;2006;2007;2008;2009;2010;2011;2012;2013;2014;2015;2016
Aruba;GDP per capita (current US$);240452724833547;258351326676284;270847036903653;246304537141023;235126025956397;249859932813737;247136980451285;250250995629083;255335697803984;257963802506382;252396004109932
Afghanistan;GDP per capita (current US$);263733734678911;359693480030525;364660465388571;438076034406941;543303041863931;59116234645088;641872033785411;63716504385598;613856332882312;578466352941708;547228110150363
Angola;GDP per capita (current US$);259956646397608;312199563726236;408094140992346;312278076649385;358788379824396;461546802807906;510009580809767;525488233799616;540841049555432;416697968386501;350607288506966
Albania;GDP per capita (current US$);297274326462176;359503716321514;437054008654749;411414015001395;409436211924475;443717806741261;424761427862374;44130817427964;457866672031333;395282945832578;412410890718622
Andorra;GDP per capita (current US$);437476918489433;485822208830236;47785089272664;433388667579064;397363540626699;411007299382214;383929439012206;406267516320228;423003341276669;360396534962289;372241089162924
Arab World;GDP per capita (current US$);435668841474906;496064958863061;614356120827107;518272658022931;594625857899362;689010551399639;750453252479256;755272030955995;749893831698475;645887015899263;62137851565211
United Arab Emirates;GDP per capita (current US$);41907405655968;41809516382842;444989342301633;320241816031187;33893303514039;391946766208456;409764997112455;424126302780364;437518388860721;386633838066363;381418467585492
Argentina;GDP per capita (current US$);591901203707753;724544831728945;902087309807194;822513717626412;103859644319555;128488641969705;13082664325572;130802547323367;123347982453893;13789060424772;127902424732447
Armenia;GDP per capita (current US$);215814369710179;313927749894333;401085724255226;299434254448509;321837270660563;352580474671153;36818574560431;383818580148382;398623162376713;360729669672271;359182927553023
American Samoa;GDP per capita (current US$);839156106721708;890944915617236;979266680581646;119612582255703;102712245225485;102943022651052;115687930012395;115053937142139;115072323493037;118433311832581;116969555623329
Antigua and Barbuda;GDP per capita (current US$);139897156660433;156070898690088;160243455512142;141130772600466;130492570545735;127462050243357;132724413293826;129097441775006;135015809223367;142860931598293;151976174551735
Australia;GDP per capita (current US$);360449228108485;409600544948199;496016567082178;427723591664498;520221255961876;625178337471503;680121479005934;681501070413215;625107911705641;567557217124249;49971131456129
Austria;GDP per capita (current US$);406352818159724;468557717452095;517087657541758;479631794023217;468580432733717;513749584066934;4856769528642;507167087062864;517174959405515;441780473777432;452378050921543
Azerbaijan;GDP per capita (current US$);247308181863536;385143786871172;557460380218613;495029479142375;584280578358576;718969122920765;749629464768263;787575695254288;789131314749986;550032049702735;388073873089556
Burundi;GDP per capita (current US$);167376484505492;172495859926837;198352900555063;212136880390025;234235646874999;249577979366801;252358979858344;256976002796754;274857947913846;305549772797441;282193130404814
Belgium;GDP per capita (current US$);386727059429767;442628960009954;48106892915788;445835448070814;441418781415734;473485250202016;446731158755901;467446625441516;477005403601178;409918081381432;420120999001128
Benin;GDP per capita (current US$);625830015812664;706053374882171;820150878301122;793452252617998;758435082889989;827022610795594;837894996838397;915575816379432;944931653018321;78427840718279;789084915159164
Burkina Faso;GDP per capita (current US$);420582553705127;475110012184526;569761317206588;552745588612739;575446452687734;666840119798738;673821598361542;699779405632453;703820055595173;575314454176311;582795444327329
Bangladesh;GDP per capita (current US$);509640142873216;558051860266708;634987056467494;702264410019296;781153593557047;861758444349051;883105000541313;981839879150399;11188536634927;124845339778371;140162062821515
Bulgaria;GDP per capita (current US$);449020177692701;588594925197955;726175449200277;696955855668357;684326694975885;781380669236432;737802473005713;764683986554542;786476067225524;699378348267387;746945563823624
Bahrain;GDP per capita (current US$);19307609663318;209765435328438;23066509898321;193559046720264;207221372891348;225142587537979;23654371850445;247443576319157;249893802145933;226889637865734;226191166718849
Bahamas;BHS;302783669222647;307137052801382;3147209897181;306272386311725;285521904783698;284434076553352;280063797183913;294856209294138;287680298936727;29445030528852;314059635601781
Bosnia and Herzegovina;GDP per capita (current US$);341651059575812;41933736517833;509093234464687;47147024950516;463551777931783;509255194328895;477863608845506;513139450642932;532963504488766;472727738086936;499468314045091
Belarus;GDP per capita (current US$);384743412382153;473565760793999;637736973201232;535135538243278;618139991568753;651923019498892;694015925359735;797887261471076;831851268992675;594910630699748;502262664330491
Belize;GDP per capita (current US$);417892537303186;43158349636318;446063414411566;424343328407303;427079964683667;442349043867262;450562068023889;456854205131289;470561004483148;477591507722419;481840439383538
Bermuda;GDP per capita (current US$);839126977976846;908495869806436;936057481653976;884633128161375;882073275597322;85973158416455;85458455507886;857480654143782;;;
Bolivia;GDP per capita (current US$);121887445946804;13726282248299;171520892185853;175421106094735;195546155736098;234633717022581;260988081915425;290820008548078;308187883446506;303597221489277;30766589493424
Brazil;GDP per capita (current US$);588646358837728;734803079355548;883102311697566;859791535151623;112862430162457;132456124995448;123700242007149;123003225752233;121125903019529;881400098681261;871288704442864
Barbados;GDP per capita (current US$);151992806610998;167707479368497;170923145892422;158861392936422;160561168393406;164590580132656;162498977793444;164520369614768;164885257614325;165618735192273;169369060448712
Brunei Darussalam;GDP per capita (current US$);309798791725798;326635665921613;379343765067984;279557138629359;352695531076448;470558411171808;477419064650052;44740085018517;417267839720342;311645620291141;271578234104784
Bhutan;GDP per capita (current US$);136555806107288;179896974025707;187359735038455;186453680321311;231286009558743;262543325640946;259939609371453;25320156424178;274935266478192;282989124506544;301296140117114
Botswana;GDP per capita (current US$);551603920965133;5832733941653;571353498332841;525576846136181;643481565688465;761732509421648;787779035044357;722496517150786;778063838460394;679987523352768;724385299726842
Central African Republic;GDP per capita (current US$);354671380067866;404373964962741;464561422116684;474705408664923;487945383289614;551028057642347;565833058388175;380190091651727;423884124575109;377271253829801;401918238362335
Canada;GDP per capita (current US$);40385869955477;445430410359004;465944509535289;40773061528975;474503184700703;521017960864825;525423466648232;52504655704109;508355111782446;434950543869902;422799008231637
Central Europe and the Baltics;GDP per capita (current US$);946609228583562;12004113561776;145767314450024;122923185670774;12578155451284;138871477906071;130145540276673;137178730677424;141608493372061;124895282021154;127871353608428
Switzerland;GDP per capita (current US$);575795029129543;635552809223584;724878347142083;699274422927441;746057745091454;884156108120697;835382128216758;85112469599771;866055173887467;820816092055418;801721933039266
Channel Islands;GDP per capita (current US$);632396538290931;74462646746792;;;;;;;;;
Chile;GDP per capita (current US$);946455024290607;105023545202737;10751479674217;102089067622861;12808034586422;146372402355403;153515513257697;15842940805218;146709967606057;135741718307156;137480876632921
China;GDP per capita (current US$);209922943460447;269396982683485;346830446324747;383223595156727;455045359583857;561813249134962;631691886335683;705064591988963;765136604428568;803338804310679;807879047437238
Cote d'Ivoire;GDP per capita (current US$);949131832768471;106115402566967;123561336575482;121029542592526;121193033804477;120700143371363;124334459676571;14154693846297;155938650354563;142645786352384;148165223087732
Cameroon;GDP per capita (current US$);106213743331336;119406985039841;13717467084914;131470601531227;128526172565588;14032556380893;135462308705136;14652223269067;154056818173347;132696927718029;136340385121739
Congo;COD;218386190840192;255433083829534;286330492064632;327563721821663;298619682051092;334021572573152;387082465361488;424600386118518;45796372825635;486787081921552;497316960805476
Congo;COG;168020458795157;206434452292536;216574575859571;295626440700407;231426602478527;280969495708158;328239345461725;303266732937043;304706458933719;299293134863351;176132356974061
Colombia;GDP per capita (current US$);373116848946768;470321315685375;546178072641311;519539337583111;632654946861963;73243832858034;804252976902978;821266782924683;811408426438361;617587602970259;587122352385952
Comoros;GDP per capita (current US$);111395775719606;123846151380518;138759462639938;133933719065958;131521480648394;144606801802192;140342851892157;150492085930273;151181608327254;124210288470331;127219394336975
Cabo Verde;GDP per capita (current US$);236138513425545;318682689181153;37212509487106;351740124546087;337825485950035;374038909850629;34475240412173;361597904131099;35886740539538;304301398430098;31309822291706
Costa Rica;GDP per capita (current US$);520151409470061;607178916451552;685907902178333;676047751541355;814191312675461;912193251763187;991320995852366;104900813312933;105471518593556;112991355423011;116664559107759
Caribbean small states;GDP per capita (current US$);804448167360016;891334457775968;100465067953363;839866473543106;907432439071976;974318186923232;999404875910757;101147934216653;101749211862428;992062652056646;936893139391198
Cuba;GDP per capita (current US$);46835661553675;520871607293921;541127141824963;552967036020975;573035477459488;613971932965905;649732111313561;683771289192677;713334209494342;76940119195241;806079588647979
Curacao;GDP per capita (current US$);;;;;;201463864122001;20587397358013;204627179539813;202580096948833;199513279030441;195553658492891
Cayman Islands;GDP per capita (current US$);833227834434623;854342681740934;851878402352083;773980158439916;733507848219067;72328411640906;72783320437604;735158953177856;749904332223775;762804862528245;782960999272332
Cyprus;GDP per capita (current US$);267293267457419;312449280082161;353910400578939;32105867479829;308184799259532;322336433858793;289849445491789;279423012696028;274071528617811;232174841507892;240191378679236
Czech Republic;GDP per capita (current US$);151836360541375;183736489976913;226988539572605;197415976279826;198080710912518;217174579392202;197298705111763;199160193873722;197445586092159;177156168523009;184633865756564
Germany;GDP per capita (current US$);363234477421822;415872128984264;45427151677489;414859016495139;415319341978689;46644776027968;438583630551076;462857640688407;479599932737599;411395445685533;420989204453545
Djibouti;GDP per capita (current US$);;;;;;;;231272880330353;246601833154344;26756053744963;281837685569239
Dominica;GDP per capita (current US$);551839910840448;59520566685762;646914573799801;690285716974119;696724522993605;70650529682483;684841823434087;701667647144723;731810378289945;759643506226258;808096862341186
Denmark;GDP per capita (current US$);520269995142723;584870549677696;643220635020842;581632768762815;580413984363385;61753647131977;585075080517852;611911937042028;625489847332908;532548560039631;546639983719195
Dominican Republic;GDP per capita (current US$);413468378533407;470779670773682;508799111757381;503940742268002;555539094900238;59134344216753;611036952132879;623813309701676;660883225697836;692151737075206;728087316423465
Algeria;GDP per capita (current US$);347881854327462;395056160744508;492354009872171;388337814284703;448072453900113;545574133764262;559232609806051;549958148704572;549302558996263;417786751715913;39464214445883
East Asia & Pacific (excluding high income);GDP per capita (current US$);195943278667834;245886237675337;308949132181421;332512433810217;400260870360744;485583276050313;537569446740777;588757784174044;628285238097926;649008240723271;655707613521138
Early-demographic dividend;GDP per capita (current US$);200154229083075;233607986079925;259076413974668;245679162530605;294154493951806;324999525402206;335859067262381;337160449005614;343990779900613;329222021690523;332272882097861
East Asia & Pacific;GDP per capita (current US$);508471063081702;564740782028319;647630770989439;662610351488718;767290556016651;883608925457739;939273660964712;943373094835971;965003464468676;953263501617477;977278639481429
Europe & Central Asia (excluding high income);GDP per capita (current US$);524810233408184;67851708401049;838180475336909;656173039612462;779311055692967;958372450537643;10093897303982;106642931532708;988856625818031;752024873114036;71633611636348
Europe & Central Asia;GDP per capita (current US$);207326584801565;241371508014919;263916544857301;23118826354065;235875745647757;260934407661845;250492574384463;260543811048118;262790104518935;225302356076213;223554715572657
Ecuador;GDP per capita (current US$);332888297239765;356783643782206;424901926210976;423161579767847;463359035839904;520055579014874;568204500655353;60563308269681;637709153014217;612449164262072;606009332904415
Egypt;EGY;118751968978388;139819062441416;1667843720526;204452785549853;232923947996771;264481703909751;279195496186249;323264889178794;326437878715277;337883135785555;35989709482021
Euro area;GDP per capita (current US$);337670925166372;386667342923688;421778209210533;384232137622717;375670529020887;406130001890954;375979905087513;391029528579493;398567002990383;343775140609793;351281032993356
Eritrea;GDP per capita (current US$);415036599442053;439832690498933;45063284030614;595109987185412;667744177753249;811376028602108;;;;;
Spain;GDP per capita (current US$);283653134896346;325499709785513;353662596011983;320424740786617;305027197080776;316364463142558;283244293363918;290595479522321;294615503337389;257320183647454;265056243284919
Estonia;GDP per capita (current US$);126315677723615;167419391245668;182271200781939;147949707926449;147843810806949;176240441399335;175344215441923;19174100729108;203671026566799;17522230186252;182372958432683
Ethiopia;GDP per capita (current US$);194687430455118;244286037152722;326436826698931;380569047862885;341554114905179;354479575841347;467077927241718;499531572059907;566926466461984;640541891313682;717124592933285
European Union;GDP per capita (current US$);309605614240413;356309377154431;381856238045565;340192785907966;337406463712077;365066388217725;343288216193455;356838587891225;367872310061639;323194532422139;324251309825728
Fragile and conflict affected situations;GDP per capita (current US$);941420749041986;113009606708081;142672902299794;129998511372908;151192926433544;160875920043388;182048804305631;185846172041193;182439865909493;160608303761917;153802743387328
Finland;GDP per capita (current US$);411880936997302;484148450929722;535540389224673;472939928335042;464599732548543;510819976703127;477107902169415;498780432444536;502602998588958;428112129936435;437774400888075
Fiji;GDP per capita (current US$);374786071607455;407210156984329;416767028471654;336281655514032;365252743714193;437145751012411;459155578402956;484069371615802;560557033080847;539074523711745;565131805482702
France;GDP per capita (current US$);364436234414411;415084339850416;453341144358246;415754187483737;4063833400426;437907320482019;408747035053457;425929340943342;430086473817107;366133752159613;36962222290118
Faroe Islands;GDP per capita (current US$);415225438571741;478856988786829;508660810982214;474478700366077;485302338492813;520838891448364;494597172338372;548536255967876;594400307606004;524046593331379;558229147203438
Micronesia;FSM;235827984029018;240618257538549;245861084288328;254140892779266;272187004672743;288544589035841;300919823187339;31313862817875;29946788332915;297145688395377;290637722112463
Gabon;GDP per capita (current US$);721491454358539;84470785912062;102128194320542;769005223487234;884073066379785;107955005802196;981403899241886;968082433880273;965057437612745;738174674851952;697970919563581
United Kingdom;GDP per capita (current US$);445996975685697;505668265956828;472869984928367;387131374283353;394358399018505;420385004790349;424627149069427;434445648427389;474176350484639;449661019252665;410741672796521
Georgia;GDP per capita (current US$);199605712927664;263535388202963;332473587905411;282266743023352;323329594347421;402174330617286;442181824228013;462372955388974;473920356526134;401418594419329;406216988757379
Ghana;GDP per capita (current US$);911998675616525;107816050942235;121062225723084;107475538037586;129843695159215;1558482133003;161328683693408;237815951253814;196885826340022;176600570099776;193138947036943
Gibraltar;GDP per capita (current US$);;;;;;;;;;;
Guinea;GDP per capita (current US$);453403518454163;659992722954546;71509682041101;674085550245057;672424402562443;651135363533047;717050737885584;769003943268326;787238070219971;769256013746016;732962172595344
Gambia;GMB;665721940653672;662362460976956;780380099148097;924511516430027;833280402724096;860637873688125;762761054131159;742781137796627;700514971960668;607428404115004;660723571244322
Guinea-Bissau;GDP per capita (current US$);429622265888583;493070496879393;597576392658105;557171614773484;557632132626126;702742880436386;616411686249548;63448244599306;622481716725217;603158512942404;661007654906181
Equatorial Guinea;GDP per capita (current US$);128573360461499;159083918313632;229425834490967;166679368247067;172720097706819;216135492326324;217123950163809;203849245274473;193682309101895;112789289413309;924405179769096
Greece;GDP per capita (current US$);248011578065035;288273263555224;319972820108813;297109702950284;269177589787254;259162935289351;22242681934771;218748195041667;217609797994918;181677737169162;181164596223336
Grenada;GDP per capita (current US$);6658540846699;721250682187083;783242335227049;729069710041267;725775662232319;729105889664338;74445047675973;778977638079977;836988675513221;909687064595412;962834748662013
Greenland;GDP per capita (current US$);354581231210482;397809514445753;443670556497873;449185648770756;439883324931946;471869814680048;459367659516989;475355899453685;504849275739023;445364013080999;48181874188064
Guatemala;GDP per capita (current US$);225656506958735;248994840578017;279417683179156;263571644322601;282548396349692;318786620251971;329966560477367;345292200049589;368783695118893;392357334364713;414058982610593
Guam;GDP per capita (current US$);265556452019565;275422261673182;290563142936191;300265032092749;307004340081784;308594043533803;324945623640591;332653811866066;343940974809957;352789259389693;355628379083283
Guyana;GDP per capita (current US$);195413330777809;233120034221863;25668870846973;275681988916377;303324772490536;342543644063562;378814674878178;393486526171904;403160066245674;416612851559884;454262206666493
High income;GDP per capita (current US$);353388062230532;383388437474418;404121735465979;376250424210787;391739728516277;420873842050117;418865688175125;421435862470124;428020286504777;401961721745893;407917876671028
Hong Kong SAR;HKG;26649750801707;282242150609389;305940178410231;315156627713018;30697340383517;32549998231121;351424879344543;367308767001128;384037777145477;403152855640552;424318882817277
Honduras;GDP per capita (current US$);142013612093697;15720655038891;172782770138436;178970665110755;190434646496881;208831530028695;21443426111782;210259316626494;220605193412773;230220137936204;234258465119568
Heavily indebted poor countries (HIPC);GDP per capita (current US$);531062117503714;619431085338141;727323943007336;711082560245638;76416883826985;831047361070951;868878986636138;94145812551226;967673238600629;923923986474213;920750161632121
Croatia;GDP per capita (current US$);117033259666948;139628648704525;163094484223243;145559876468604;139236370524478;145666297259084;132381179547554;1364219778327;136001861816146;117829025486428;1236047325706
Haiti;GDP per capita (current US$);508968806625167;619812774237648;678844789796271;672036997916062;665627419493396;744217426799623;769749380959249;815820015229786;831873948899917;815728284410317;735301770321704
Hungary;GDP per capita (current US$);114758227057093;139189601910137;157534732840195;130464810081848;131135259617277;141509667263678;129182475205388;13687246101281;14246109801447;126515683423004;12992375667515
IBRD only;GDP per capita (current US$);26756978924794;329271161306089;391325808460469;375956717982906;45210533936185;528863853540915;556666455897543;582552494093739;595786721197575;557085374931412;555107118745851
IDA & IBRD total;GDP per capita (current US$);223467440817576;273029350376342;323497012167041;310020352334389;370449423431208;431021802007853;452826802537907;473673475588458;48436551981059;452694220241604;448785530721149
IDA total;GDP per capita (current US$);739638794022591;84783221875922;994554045523646;950825451801663;107513798145144;119793958738545;126685966758658;136125634728274;143464722902372;137469696936256;131730851537953
IDA blend;GDP per capita (current US$);112740777343934;127208369331236;147856476031483;134886714974578;15529183722043;17562935339152;188931544000865;200450429828583;212551704913574;197325913445891;178718031594751
Indonesia;GDP per capita (current US$);158980148866142;186000276310682;216685416700025;226124722374577;312236281521649;364304393616102;369434894603237;362391158235134;349162479085767;333169512758628;356284575641971
IDA only;GDP per capita (current US$);536514529040983;62552870086096;741334831703289;744272210696637;825713425973123;904936445480215;938653734289859;102231790113029;106969993377254;105988981004303;107386789343434
Isle of Man;GDP per capita (current US$);421068011803733;541949864112231;709944089541263;650313318703261;697665211886388;773519588821432;76104681367227;804316727965138;889742286497928;816062800333934;79155541672096
India;GDP per capita (current US$);806753280628799;102833477107667;998522339019268;110196084002239;135756371913262;145810352686177;144387952939042;14496059123387;157388149211052;160560543109026;172926802051544
Not classified;GDP per capita (current US$);;;;;;;;;;;
Ireland;GDP per capita (current US$);543064293166897;613597413812502;612621005610307;521051524837739;487151768553933;518489097301621;489178975571766;515901884453629;55492982676213;619954227789928;631970823744196
Iran;IRN;324605102938326;377435784149991;490466625185167;563044299454113;567788852169889;660321226914401;781805723219579;792764754158673;611144060803083;56086025115113;491608593793143
Iraq;GDP per capita (current US$);237321478464391;318294798201412;463661097758271;385394093481185;465728042580536;604549555071698;68360273134631;707655460775667;68188046210291;498980307473071;477672649939342
Iceland;GDP per capita (current US$);566735930446545;69054270801496;564097734569066;413334198670842;430249238377351;475168757402109;459100209039774;495222369665887;542420546770039;524285957626253;617579493064483
Israel;GDP per capita (current US$);218373784883786;249243309496648;29567803875678;27715636808319;306935930786871;336692464692884;325112378524925;363094688256886;376788897743182;357767951710172;373216240366845
Italy;GDP per capita (current US$);335016581673044;378226652377427;407783427367209;370797586704546;360005201179254;385990622070322;350535262442572;355499746972954;355184152916749;302302263021296;30936125444977
Jamaica;GDP per capita (current US$);432104332724263;463394438578828;491771839830304;431623105265842;470405445468166;5111471413428;520985193130013;498917139091154;483379031821405;490750371974316;484333847410864
Jordan;GDP per capita (current US$);254826865824395;277374024212779;339815172154303;350400246037434;369011326778672;381627925808967;387733934463778;399802747275799;407276547535039;410544896083238;410373359991068
Japan;GDP per capita (current US$);35433988963743;352752284312667;393392975731826;408551756354596;445076763859172;481679972684965;486034766497749;404544474578903;381094121125573;345244698609337;387943309405515
Kazakhstan;GDP per capita (current US$);529157565018652;677141479681885;851356464506814;716522317483703;907048825285747;116340019047654;123867000029472;138906317716835;128072606866152;105107718884148;771484184376024
Kenya;GDP per capita (current US$);685954532240082;825666597622313;902070025813736;905131786128485;951687961116879;97163332904823;113687140571776;121038801408195;131580453537238;13368833490475;14105275710827
Kyrgyz Republic;GDP per capita (current US$);543110702403072;721768690838857;966393627185372;871224389337854;880037775119109;11238831680627;117797473487848;128243716202467;127976978265986;112108283510739;112066651300848
Cambodia;GDP per capita (current US$);539750168717216;631524842114382;745609180660928;738054783617506;785502282874113;882275492640073;950880345993697;10134204006154;109349619050796;116290491997151;127863106216298
Kiribati;GDP per capita (current US$);116844853098837;137445215276949;142812051619855;131199900201253;151681186907787;173501835782836;178850542068887;171576533141614;164276259749601;15425752495838;158480744578963
St. Kitts and Nevis;GDP per capita (current US$);138834231895556;151521349513103;164650502115688;157835841767816;15508616989766;165380965328384;160445569951052;16685026605354;180518900749728;180293255386512;188119451170299
Korea;KOR;186395222053842;208883801505326;230607078836716;204306394600807;182919195978633;220869529193201;24079788523886;243587821758226;258900186698906;2781136638377;27105076226264
Kuwait;GDP per capita (current US$);427813664951149;457822765557698;554949509906458;3756167266643;385773816572031;486188822913341;519789984836395;493882093931705;440624002975741;298695293908248;276531644010105
Latin America & Caribbean (excluding high income);GDP per capita (current US$);56595842353099;663209289004267;767271833173176;710601105877391;876027651189512;986215939095389;981586329988298;992757902243249;100528143620074;845382875903661;813789936324893
Lao PDR;GDP per capita (current US$);59063270735226;710344815049449;900323671821273;948653932285177;114059920478703;137836136494331;158139540349425;182566511330676;199833521471699;213471179567796;230880048220079
Lebanon;GDP per capita (current US$);46323127074456;521747171835617;613413043009095;737110063894951;775674406876812;770338947185733;798585494092208;7923851717266;771206284840621;76498326108624;763494654364282
Liberia;GDP per capita (current US$);33611567425435;396601761281558;478399937913334;470947619596855;513445698620224;596897081053795;657936256349955;721930055405248;721182794835652;710383857717515;714623392230031
Libya;GDP per capita (current US$);933635666999496;113001913436773;143825762948433;10275266564444;120647806924218;55541791642315;130252813934413;103637894894551;646691027014384;433791913919348;40351943155047
St. Lucia;GDP per capita (current US$);686032387167947;763204398870324;756845341379871;74250266722323;803747296712228;822739408163575;815199241336827;835890516938666;874429122441417;926225611518645;945205536381157
Latin America & Caribbean;GDP per capita (current US$);594967350501854;692514934000446;795379761068678;73892281305665;90591860460238;101855179166231;101778606425465;10317293219159;104078365837735;886292472605726;857158103674243
Least developed countries: UN classification;GDP per capita (current US$);518671669506171;608593330217483;737856865617968;719668094179662;806104763479826;902250517512448;945940041620906;100343002051001;105907438248399;102270488856422;100949268534164
Low income;GDP per capita (current US$);430338656629228;506220447016451;602218329449582;601803639160582;642002849956505;697763455650357;743517119583819;79948631559691;828979819206425;796012169545506;759048907733521
Liechtenstein;GDP per capita (current US$);11439059973152;130655636959737;143255981619193;126082492630969;141200380010278;158156599825792;149010224898665;173058317372602;178845631017897;167290939983907;165028245029187
Sri Lanka;GDP per capita (current US$);14358171774712;163038890604323;203732210302668;20904018261396;279964887619972;320083382914016;335052187589289;361028936304898;381925352972265;384378067184442;388629150165239
Lower middle income;GDP per capita (current US$);102717861337614;123886232804695;136634817286356;137737679817099;166241621618444;184956367653866;191149344638742;196625093947109;204027672400768;199603089092762;204923502517059
Low & middle income;GDP per capita (current US$);214703297487711;262561331983792;311063591341775;299735447383792;359026639440267;418450003174127;440799796835687;461170913758162;472024006479264;442007719124301;438244057531265
Lesotho;GDP per capita (current US$);904603402216593;863779631511433;884962674751359;89099638326859;119995176611775;139338636155716;132881307401803;124918349561088;12764130001565;111208144054711;111533607520903
Late-demographic dividend;GDP per capita (current US$);349457006355272;437590861158708;540665872634632;519248521247905;619086315614125;750187584643037;797683251468336;854730020913492;879970674234937;81953482145165;814466666701628
Lithuania;GDP per capita (current US$);924064254797441;122979153480396;149615681759187;118373910271086;119539384416891;143386435140155;143339493428112;157051639858867;165344819837926;142491149666026;149994796391329
Luxembourg;GDP per capita (current US$);897397116961301;106018492790674;11429384332087;103198669312625;104965306078267;115761507705096;106749013622989;11362513289956;118823648368575;101376496574339;104278390971905
Latvia;GDP per capita (current US$);966337345136659;140424624200212;163769983633933;122572165683051;113446933695837;137138553053545;138477851073453;150431175639591;157403267490719;136989379476476;141534149226916
Macao SAR;MAC;250430189453563;299507731064328;363529184556869;405975574823323;407969618339517;522531553117325;666443853449773;762918474900231;892874540184115;937771067959425;753409869811152
St. Martin (French part);GDP per capita (current US$);;;;;;;;;;;
Morocco;GDP per capita (current US$);219601218967016;249925993757187;289036008322739;286692419864666;283992516805933;304694913644957;291265827494029;312168117550498;317169919227376;287525798516781;289766343955565
Monaco;GDP per capita (current US$);134044701161335;169961383945783;185721794154104;154762199426852;150585448911112;168785940809485;157515899069445;177593351895053;189170895671097;165937865343145;169915804840176
Moldova;GDP per capita (current US$);950640408746043;123044456420222;169598507510881;152552611882763;195813371987623;236359372511782;24467253157714;266868300938775;267411633164002;217923362495857;227240570707297
Madagascar;GDP per capita (current US$);292150728813718;438655290070345;536351482125303;467539737921872;471959211584451;531265505398676;518152812673554;54106608508644;530861263904165;467235277373582;475955365636474
Maldives;GDP per capita (current US$);480996311494807;557445187632955;661415914742089;663641241602952;707666242320238;729142764039704;726561365556669;792845736514824;849936576172668;90333904129872;920928862477108
Middle East & North Africa;GDP per capita (current US$);505614732508753;586886782976655;716108393984656;626799762840811;717409770108722;833228243142334;889567505634492;86684045942463;854052164084166;738786934749957;727424572006387
Mexico;GDP per capita (current US$);906829438701235;964268060504911;100165713043884;800297210649807;927139823324639;102034208543113;102417279153745;107251833166036;109223760488647;960595235103139;873975604280929
Marshall Islands;GDP per capita (current US$);260860544766618;2745438975219;272609748282123;269817955555556;2876994996984;308383187985353;322433838179029;329669816291405;323002326028787;321383728825363;347377500649519
Middle income;GDP per capita (current US$);232688945883124;28511175453548;338209153446917;326124122309607;391813165685667;457663756023919;482599649764078;505292471181284;517699322705553;485193794932743;481979009131904
Macedonia;GDP per capita (current US$);33256358088571;403620276983476;479344366858209;454400883488258;454289971678317;506378698606358;469814129350594;521067583028154;546848086914212;484027312286783;512915896023703
Mali;GDP per capita (current US$);522578372431972;596690188823963;69088243975853;698218382466668;709581964584771;836509809417356;778669462492053;805259668494187;847150386296709;751170593517089;779874933008414
Malta;GDP per capita (current US$);166715671992638;19375569601363;219287006740562;206755825862064;211073644349639;228459048853838;219268083687432;238386143979371;260120153054014;240770108248549;251515196168932
Myanmar;GDP per capita (current US$);294163181308112;406728689152252;638149059869843;73444600674882;979051630004942;117624245336109;116579432896131;116233144011893;125182076450814;113300281580351;119249533785043
Middle East & North Africa (excluding high income);GDP per capita (current US$);261753904328286;31794328064281;384744082386635;365910046142979;415858262972105;463073898504246;501192636523737;462441824653923;447019939639617;396149105780758;39380059531608
Montenegro;GDP per capita (current US$);442567887307803;597639192211767;736775190910882;672710551982115;668228115774575;731874469026724;65867212793222;718643192406181;737834528902948;651427269528653;702893657685094
Mongolia;GDP per capita (current US$);133421168135831;163272695225898;213656321364601;171436054504148;264329291416763;37575586328813;43518869200565;436607590145025;415852571473091;391857917389554;366015074616061
Northern Mariana Islands;GDP per capita (current US$);177159013635876;169869066806715;171899313501144;146697913014596;148042467250931;135710582833444;138277696967465;142742406542056;152789078745141;166905700968089;222467430768136
Mozambique;GDP per capita (current US$);434034028823205;480933520061827;564479487690857;519760404713804;471181692645893;594586466669704;657645337819668;664078211827767;673969955508106;589859028149831;428926487995524
Mauritania;GDP per capita (current US$);977123563204253;104816092158542;122292545175923;107923310823946;124142875621618;14356354154142;141135283025415;147736153924563;137158434966602;119340059592486;112388816589683
Mauritius;GDP per capita (current US$);569596932704928;657465433811493;803006300537304;731812640972422;800037643182154;919702697152061;929122761861899;963700265000958;101539382184867;926044730250635;968161856689674
Malawi;GDP per capita (current US$);30816347571141;332259144361638;387605975305468;438212042916878;478668589704525;534951264721663;391561832360636;348430269640572;371269749625713;380597033140938;315777326372575
Malaysia;GDP per capita (current US$);620912450825631;724345598744703;847458682876228;729249444727908;904056625117172;10399372753345;108174428742856;109701232849014;113190797572756;995524212653611;981774086096214
North America;GDP per capita (current US$);457242513613949;476464388606104;482151117887716;464830250862199;483737003720683;501100556704887;517032673378574;530527900765942;546188466196986;554768967063389;56340176507086
Namibia;GDP per capita (current US$);397452242536964;435624451175013;415324793794677;426525874549596;53246170395396;57539871478243;593054847260768;569408263428425;562413534097711;503288976228194;478623530295128
New Caledonia;GDP per capita (current US$);;;;;;;;;;;
Niger;GDP per capita (current US$);257829152793415;292219734098675;352719974948162;339143617652222;347343040654604;374482864483226;390119909653729;414388613126623;427737226040128;360853384070947;362131132274334
Nigeria;GDP per capita (current US$);165642475868056;188346131124932;224287188553694;189133537046421;229244515619082;252040416579378;274699178858383;299807284264118;322269353725587;27304303237015;217599967021858
Nicaragua;GDP per capita (current US$);122669184452142;132795969869275;149926778643204;144438108433751;150387042323136;165581693272195;176046148535663;18116325213683;19340569659055;204984968976149;210756717992428
Netherlands;GDP per capita (current US$);448633506314287;517334421317965;576444799749353;525140271165323;509500343435181;541593466126142;500730056559308;521840618504931;528301742328055;451752318933798;460078529206547
Norway;GDP per capita (current US$);741483200757187;851399604469545;969440956064873;799776970817492;876937900658099;100600562407589;101524141851985;102913450843674;970191827527462;743555158575643;704605605323322
Nepal;GDP per capita (current US$);346945251393727;391380131359361;470455547251206;478173181617538;592401097450929;699429337677581;698466479416086;715923743046061;743413381296219;792552890593381;777147595512165
Nauru;GDP per capita (current US$);;207672814708539;397243110151321;445660659310559;492111911101615;722681464935091;101015047869133;10039272211856;987173198496974;801335760796908;78207295990997
New Zealand;GDP per capita (current US$);266713294177179;325100826999392;312879436526473;282012322839936;336920108346543;384265508077771;399704400394577;429491422285498;445337830906379;385595470380365;400268521964671
OECD members;GDP per capita (current US$);325776780394169;353691311827412;371798536508763;345628356515307;359858912284609;384931417101442;382029724898326;384633864951391;390196502169625;366242145250894;37086008320543
Oman;GDP per capita (current US$);1442051705717;158384656056123;221396404093693;168237716507022;192811656336502;20896746978071;219235480214797;209265540495711;201319813016555;161508872575968;147216473328796
Other small states;GDP per capita (current US$);927119606089602;110588309220723;13200962174171;110095055863122;125029528956485;15090073403782;154943812426365;157149744231503;158393137112472;128481095031384;124351321464542
Pakistan;GDP per capita (current US$);83686052111605;908095090591223;990846599619906;957995680750104;987409723043923;116497612914872;119810900052752;120890431029644;125116410422834;135666775582649;136845432627629
Panama;GDP per capita (current US$);534889529216615;616618072053682;7154274496019;757614046655482;808202845866252;935825147451101;107222836326295;118891276274385;127960700430496;136303079737945;143563240541798
Peru;GDP per capita (current US$);315433123689413;360607043477475;422061696939508;419631279301889;508235475666351;586932307961474;652897221785312;675675276926556;66728802554854;622910169612596;620499726003927
Philippines;GDP per capita (current US$);139051722319227;167059015531059;191629670770475;182152394073725;212405676974627;234532775427825;257262942497398;274938663574006;283131666726863;286715199022128;294121203999356
Palau;GDP per capita (current US$);967394575230297;101592180812193;105872754491018;100284003281378;102199275967697;108844125105664;119673072562358;126881972054981;137947917848633;158718426266629;169323328631876
Papua New Guinea;GDP per capita (current US$);1256978891836;140194718037909;167295078283144;16263124016737;194935251706997;240690967796981;279067666988481;272989190363004;292078372060611;267934558891149;250963145745887
Poland;GDP per capita (current US$);903873084652356;112554366982999;140014468819804;115275932279825;125995335818707;13893509259001;131455392627865;137810626053813;143479145754456;125723078809992;124315754242492
Pre-demographic dividend;GDP per capita (current US$);955094290070223;112488357382612;13788479230453;120935869282627;138880876260879;157366010636718;169034040254537;179904441591614;186400841381117;158821094893682;142085447984643
Puerto Rico;GDP per capita (current US$);229359411586313;236648823485096;248983345857045;257687258883384;2643574878578;272788830499205;279447338937424;285131657351067;289814573305866;297640538920397;306287547758033
Portugal;GDP per capita (current US$);198228460287336;227820946224629;24847545135091;230597974457294;224986908586557;231869131283278;205648898617969;216470418118869;220743007634216;192423664710981;19978401214968
Paraguay;GDP per capita (current US$);227109003761933;297682550327827;404158387643025;362457105807169;435593493867734;532296375987671;518308287691315;592683286284344;610294323272326;540670385708338;531941021789703
West Bank and Gaza;GDP per capita (current US$);144146170046742;157556340027289;185789051544595;197018296337398;235412598671847;269519385339015;283402152463393;30603123893102;304682179844817;296785174651975;307429115236515
Pacific island small states;GDP per capita (current US$);263630115738119;28673427804521;302812899498204;265312817077302;290577775948328;340427431120307;357184701511052;365924343415224;392498735723003;378179768021972;390040335197991
Post-demographic dividend;GDP per capita (current US$);356106723014637;386356643382294;405977853597305;380607614336621;395137852427918;423153801446327;420903165442071;423195177682149;42989913671981;404977562897177;412028170056877
French Polynesia;GDP per capita (current US$);;;;;;;;;;;
Qatar;GDP per capita (current US$);595301535400938;654217527679693;802344700713492;590944449369175;674031602978106;824095803345471;850761479273998;850509109716822;838585283798723;630390165548075;571630609918357
Romania;GDP per capita (current US$);57574964285719;836016632132485;104350439841037;854811867218639;82099194562169;910499562203019;85350468756267;95552442173314;100269735781794;897749854425137;95670977819133
Russian Federation;GDP per capita (current US$);6920194397836;910125670609495;116352742379959;856281369694433;106749972024225;143512120537731;154345747807082;16007089993444;141007291028658;931378754166624;874537511648808
Rwanda;GDP per capita (current US$);353215728414673;417916408467099;517057471362164;557149397265554;582694119127261;645748320729826;704177712534755;704980302457137;723281973308602;728081879388981;726347974491846
South Asia;GDP per capita (current US$);774878527085355;959322859277875;959480365183903;104201342324001;125752231069814;136733907413407;136444160182409;138188130902405;149446118802073;154183581564717;164865876376909
Saudi Arabia;GDP per capita (current US$);153847401519267;165166236201086;200782577898075;161131424853358;192625476811757;237458016143404;252433586984024;248447443709487;244639031638501;206279327820675;198792975304177
Sudan;GDP per capita (current US$);905309744891891;112841034965442;13045330505517;123818084548838;148987691083872;16721032945892;188224677012331;194391645802007;216315589835214;248674565866274;239810187999332
Senegal;GDP per capita (current US$);104090399425621;12223729182258;141192933206154;131723568742745;127897775413162;137172335308022;133005744813659;137567875391026;139479474326494;121876424640812;126904040702421
Singapore;GDP per capita (current US$);337691541633501;394329383493761;40007469261214;389272068817715;472369602345421;538904287270504;555464885386921;569674257940383;575625307937678;556466187469505;567241703858863
Solomon Islands;GDP per capita (current US$);949337600133404;104865001454843;120833861780089;116030164763159;129039878585913;172241812107591;191323201256373;197745140452319;199678118438995;191446792975705;198641622920675
Sierra Leone;GDP per capita (current US$);323389184871498;360372141808682;40848074207499;391201005316528;401835001366837;448337525527861;566378656937493;716835304734774;714700712388696;588228452702849;501415712857832
El Salvador;GDP per capita (current US$);263182041514301;278615792171718;293339567537172;285847963017276;298324270784904;326604587535311;342838473639383;350953628031605;358896594318654;370554000206162;380010330164063
San Marino;GDP per capita (current US$);704574283798973;827717036490001;904352702983167;766860212987512;684963606802049;648902388634279;560684345458956;573026880026149;542828097987205;457745878900486;466923510916145
Somalia;GDP per capita (current US$);;;;;;;;29795547180533;295266500446376;293455235696952;295967851645127
Serbia;GDP per capita (current US$);438261727851692;584847640545105;710104014116862;616911419477823;573542285659849;680915980400146;601594522756969;675507367461629;660005680854589;558511793778445;575638119351044
Sub-Saharan Africa (excluding high income);GDP per capita (current US$);116570031230858;131884539878514;147155511879656;13599305046695;157724878032477;173812569652057;178684583238577;185203963300469;188814086728027;167017303293173;152108678271504
South Sudan;GDP per capita (current US$);;;166949241213318;133788208418369;153570818548721;151640391495385;11797398280342;17794693355202;132282023755896;111965133182314;
Sub-Saharan Africa;GDP per capita (current US$);116688250487971;131999895292689;147257489501208;13607920802933;15782018158673;173914877970659;178782878106682;185327149623543;188934899474632;167140023946233;152234320573131
Small states;GDP per capita (current US$);858453473074753;100889008391133;119099410105089;995698434558837;112212168957247;133140433899356;136897939503769;138979571797728;140332843716892;117436629189184;113453320644417
Sao Tome and Principe;GDP per capita (current US$);883066698076665;896854618786974;109876793385822;106791733397689;109471063611153;126386552259429;134052650698418;157702232910998;17827977562404;159586142275725;171013394767919
Suriname;GDP per capita (current US$);51977170468316;574475972670722;683197041053749;74083891106583;82557968587048;826317292305383;920100878530056;940223313695562;947200759951427;856197417855142;560472256934099
Slovak Republic;GDP per capita (current US$);131597594413964;160856115233381;186772927109318;165316705140706;167272913264619;183383622288437;174600468093549;182369807888867;186709301711227;16309073235592;165059980625369
Slovenia;GDP per capita (current US$);196729654929018;237876466923136;274833369524581;246942305557835;235095433941493;250951326282071;226431002515007;234966023059673;242149220717273;208817667686947;21622580683576
Sweden;GDP per capita (current US$);462775767773402;533414907726794;559038998910782;467939441559611;52817441365794;606128788325926;578742864975611;608973656252518;598435191685082;513971917561446;51974196555344
Eswatini;GDP per capita (current US$);317670034403832;332744188009451;313739611086379;338584292137744;416850518307998;449660037963614;452766898199888;423034405091307;403855722997694;368951870428109;34476956981236
Sint Maarten (Dutch part);GDP per capita (current US$);;;;;;;;;;;
Seychelles;GDP per capita (current US$);120143998729502;121548299372808;111228620677142;970695605963959;108046844747547;121890951601357;1200668296237;147656739800428;147003343408386;147453414620288;150778390242853
Syrian Arab Republic;GDP per capita (current US$);174890568010465;203262348932701;;;;;;;;;
Turks and Caicos Islands;GDP per capita (current US$);245616505052567;254563021227579;276483440164092;220196577315714;210284081445193;218350831410852;210098858098984;213289790101062;232963369051995;248325963703066;259951724609535
Chad;GDP per capita (current US$);70976519509459;798548001258871;925636084270572;800464224935635;891698817391114;983447232667423;967408125988873;979533959184118;101893095594774;775707523514754;692978595813865
East Asia & Pacific (IDA & IBRD countries);GDP per capita (current US$);198054612928997;248533117521727;312268270721881;336069545360372;404542054384235;490769148091498;543295774451085;595016795498722;634949790909976;655876426884865;662628584892279
Europe & Central Asia (IDA & IBRD countries);GDP per capita (current US$);564383568419457;724660441984667;894971383603139;707145776635915;826731790549687;100018402251596;103846833983021;109571812322446;102997255680469;798341032422615;765013693355169
Togo;GDP per capita (current US$);407694697892417;449144232824439;544147523365142;538441951576399;533508791977233;586328841545215;571839428880573;621222259778549;640081611119276;570680737075619;597065458898228
Thailand;GDP per capita (current US$);336954781502893;397301961789394;437965987744628;421300154064051;507634299245077;549211542712668;586058061021939;616826489540709;595188370233604;584004694787593;597861145407809
Tajikistan;GDP per capita (current US$);408838590699258;526642915434768;71586511053556;67612341925805;749552711015842;847382101810518;969296473144289;104822729256115;110417168941376;929095857223746;802518004052824
Turkmenistan;GDP per capita (current US$);213647432207796;260036929181095;390446371937896;40364559987796;443920038235805;564995227819669;667518565772239;730428713230982;796223909840679;643268070195019;638954840833488
Latin America & the Caribbean (IDA & IBRD countries);GDP per capita (current US$);581488643037504;680140380657183;784867086872898;726536313353887;897396778131487;101201098416467;101024728569901;102384082425477;103249364485137;872069841780212;84118354741003
Timor-Leste;GDP per capita (current US$);261487507280369;277987498938626;416073442982061;297843731179202;365695216287175;509548902170505;58796998042355;488831712614726;344165060787802;258515391598443;205327379585463
Middle East & North Africa (IDA & IBRD countries);GDP per capita (current US$);263074524080272;319757465043077;387018043111995;3678486273092;417940124610021;465318658154683;503738760258488;464257059799372;44867448233359;397290445210497;394785911701769
Tonga;GDP per capita (current US$);289203918225118;292591276038663;338061335096516;306253309062159;355322061448636;40846241317437;459774230534531;442856648134984;43939408110033;432063799011384;396615652021899
South Asia (IDA & IBRD);GDP per capita (current US$);774878527085355;959322859277875;959480365183903;104201342324001;125752231069814;136733907413407;136444160182409;138188130902405;149446118802073;154183581564717;164865876376909
Sub-Saharan Africa (IDA & IBRD countries);GDP per capita (current US$);116688250487971;131999895292689;147257489501208;13607920802933;15782018158673;173914877970659;178782878106682;185327149623543;188934899474632;167140023946233;152234320573131
Trinidad and Tobago;GDP per capita (current US$);141024958480936;165398781077283;212041049703496;145141417224997;166833553787376;190341491966652;191574170366712;201436644489582;202708593716518;18289704340369;161769473700573
Tunisia;GDP per capita (current US$);337003392588511;377575001016077;430715587838971;412846278261191;414197635336459;426467494604737;415267858707583;422270324540611;430547416504834;386168853113497;369805850375479
Turkey;GDP per capita (current US$);80353773382155;97118735935267;108541722530827;903852014980388;106723892452162;113355105096808;117072597122125;125193914259008;120958545719465;109487246068236;10820633842346
Tuvalu;GDP per capita (current US$);226312860136197;264465277638564;293685963326875;259989570138916;302228882031784;364086143317968;350793691138349;34546849532077;339881894157592;319779564502867;325589486619818
Tanzania;GDP per capita (current US$);485497487404515;552839529600341;687390445540348;695216776812045;743403784726004;781437014324276;867867680563228;970416938425046;103009291747653;947933446487903;966474622354379
Uganda;GDP per capita (current US$);347990356815413;416898619395623;467900570300656;578423056421838;622498845744984;602684651383698;668832461950198;689154814165601;739373926961991;709021038589161;608705735097409
Ukraine;GDP per capita (current US$);230077147954494;306561162347777;388724141243583;254299713594958;296514236549771;356975702740477;38554212801318;402971550372131;310465829575449;212466266591114;218773199668415
Upper middle income;GDP per capita (current US$);367744379376294;454153885270442;551413647240823;527062569956967;634444983928979;753348410602873;800992190430316;844920417484659;865226444796121;803571751634373;79270867919417
Uruguay;GDP per capita (current US$);588784870298482;702651149089808;909107903890419;945193244915707;119920166266335;142366811883717;151715846627498;169736742131099;16831972935703;156137642726566;1538714403013
United States;GDP per capita (current US$);462987314440927;479759676758856;483825584490552;470999804711343;484668233750801;498831139837344;516034972614412;531069097703155;550329579979166;568034724334919;579042019610641
Uzbekistan;GDP per capita (current US$);654283837283285;830407694204322;108228602501699;121326532816388;163431209539718;192629299673401;2137025122118;228141097296841;249233664277468;2615025134487;256779920656883
St. Vincent and the Grenadines;GDP per capita (current US$);56253513902658;630721409590353;641580961733554;623271936134053;629278982922694;624219328083946;639031438871896;663960714595024;668480736732912;692087807380804;707506582034944
Venezuela;VEN;550497682392969;683337789380195;845446674316342;114327438562616;117651001763251;138253580883312;109553499126366;129855053251065;124567124535391;160544905130962;124353915671245
British Virgin Islands;GDP per capita (current US$);;;;;;;;;;;
Virgin Islands (U.S.);GDP per capita (current US$);415609341982634;443330656550273;392070037546472;387712743877127;400431901659314;391441657740184;378497287205036;348191477546185;335730970301435;3479714046978;359315412519766
Vietnam;GDP per capita (current US$);78437242227845;906284198109134;11494246418463;121726855530412;131789070617836;152511598800104;173514127643805;188667189633671;203026195473318;208510148409879;219221453866566
Vanuatu;GDP per capita (current US$);204961885568896;239861262459488;270559765800081;264961814352873;296685711598678;32645370165591;313309020920348;312423307756588;308825830265504;280193984778858;288985303623403
World;GDP per capita (current US$);780273520313027;868422945531648;941294480870059;882001759667824;954091025111627;104787374222174;105947788808904;107707057791645;10933913918387;10223959645166;102562406318694
Samoa;GDP per capita (current US$);279657024604136;31336541130672;337908209283546;316817670633226;356636243488815;393345931369924;402219906973979;403750920768832;393775879599034;407366592865004;410916513737514
Kosovo;GDP per capita (current US$);223712659780918;268598622183949;325478841514283;320971145997365;328348345086938;373670083342298;360057596540598;387697067553345;405471696967191;357424111998804;369712959470956
Yemen;YEM;832844488626279;921418443941266;101729200069786;122924684321745;111608459430356;133478484461341;137462131310366;144653628022096;160715227488681;167400276613816;16087443121263
South Africa;GDP per capita (current US$);560201104380458;609562243887023;576080528723832;586279734021167;732861562893966;800741284634441;75014699839525;683245689096701;643318727662894;573463362915331;527291842475419
Zambia;GDP per capita (current US$);104791918744918;112429058597692;139400060846687;115990776214745;148945906989027;167294982959625;176309418353303;187890348886702;176305623909703;133779631513515;128057844679257
Zimbabwe;GDP per capita (current US$);447854924165548;431787188267027;356693349652722;771598785915315;94833185445926;109365400227511;130496980167411;143000081795572;143489934002278;144507106198798;146458352903946